DELETE FROM `Help_Ticket`;
DELETE FROM `Skills_Req`;
DELETE FROM `Choice`;
DELETE FROM `Project`;
DELETE FROM `Team`;
DELETE FROM `UTD_Personnel`;
DELETE FROM `Student`;
DELETE FROM `Faculty`;
DELETE FROM `Faculty_Or_Team`;
DELETE FROM `Users`;
DELETE FROM `Employee`;
DELETE FROM `Company`;
DELETE FROM `Help_Ticket`;
DELETE FROM `Skills_Req`;
DELETE FROM `Choice`;
DELETE FROM `Project`;
DELETE FROM `Team`;
DELETE FROM `UTD_Personnel`;
DELETE FROM `Student`;
DELETE FROM `Faculty`;
DELETE FROM `Faculty_Or_Team`;
DELETE FROM `Users`;
DELETE FROM `Employee`;
DELETE FROM `Company`;
INSERT INTO Faculty_Or_Team (TeamID, is_reg_team) VALUES ('1' ,false);
INSERT INTO Team (Tid, Assigned_proj, Budget,Leader) VALUES('1', NULL, IFNULL(74.97, 0), NULL);
INSERT INTO Faculty_Or_Team (TeamID, is_reg_team) VALUES ('2' ,false);
INSERT INTO Team (Tid, Assigned_proj, Budget,Leader) VALUES('2', NULL, IFNULL(356.8, 0), NULL);
INSERT INTO Faculty_Or_Team (TeamID, is_reg_team) VALUES ('3' ,false);
INSERT INTO Team (Tid, Assigned_proj, Budget,Leader) VALUES('3', NULL, IFNULL(414.78, 0), NULL);
INSERT INTO Faculty_Or_Team (TeamID, is_reg_team) VALUES ('4' ,false);
INSERT INTO Team (Tid, Assigned_proj, Budget,Leader) VALUES('4', NULL, IFNULL(561.77, 0), NULL);
INSERT INTO Faculty_Or_Team (TeamID, is_reg_team) VALUES ('5' ,false);
INSERT INTO Team (Tid, Assigned_proj, Budget,Leader) VALUES('5', NULL, IFNULL(515.01, 0), NULL);
INSERT INTO Faculty_Or_Team (TeamID, is_reg_team) VALUES ('6' ,false);
INSERT INTO Team (Tid, Assigned_proj, Budget,Leader) VALUES('6', NULL, IFNULL(320.42, 0), NULL);
INSERT INTO Faculty_Or_Team (TeamID, is_reg_team) VALUES ('7' ,false);
INSERT INTO Team (Tid, Assigned_proj, Budget,Leader) VALUES('7', NULL, IFNULL(778.58, 0), NULL);
INSERT INTO Faculty_Or_Team (TeamID, is_reg_team) VALUES ('8' ,false);
INSERT INTO Team (Tid, Assigned_proj, Budget,Leader) VALUES('8', NULL, IFNULL(434.84, 0), NULL);
INSERT INTO Faculty_Or_Team (TeamID, is_reg_team) VALUES ('9' ,false);
INSERT INTO Team (Tid, Assigned_proj, Budget,Leader) VALUES('9', NULL, IFNULL(778.1, 0), NULL);
INSERT INTO Faculty_Or_Team (TeamID, is_reg_team) VALUES ('10' ,false);
INSERT INTO Team (Tid, Assigned_proj, Budget,Leader) VALUES('10', NULL, IFNULL(587.05, 0), NULL);
INSERT INTO Faculty_Or_Team (TeamID, is_reg_team) VALUES ('11' ,false);
INSERT INTO Team (Tid, Assigned_proj, Budget,Leader) VALUES('11', NULL, IFNULL(138.75, 0), NULL);
INSERT INTO Faculty_Or_Team (TeamID, is_reg_team) VALUES ('12' ,false);
INSERT INTO Team (Tid, Assigned_proj, Budget,Leader) VALUES('12', NULL, IFNULL(688.22, 0), NULL);
INSERT INTO Faculty_Or_Team (TeamID, is_reg_team) VALUES ('13' ,false);
INSERT INTO Team (Tid, Assigned_proj, Budget,Leader) VALUES('13', NULL, IFNULL(248.66, 0), NULL);
INSERT INTO Faculty_Or_Team (TeamID, is_reg_team) VALUES ('14' ,false);
INSERT INTO Team (Tid, Assigned_proj, Budget,Leader) VALUES('14', NULL, IFNULL(772.85, 0), NULL);
INSERT INTO Faculty_Or_Team (TeamID, is_reg_team) VALUES ('15' ,false);
INSERT INTO Team (Tid, Assigned_proj, Budget,Leader) VALUES('15', NULL, IFNULL(290.51, 0), NULL);
INSERT INTO Faculty_Or_Team (TeamID, is_reg_team) VALUES ('16' ,false);
INSERT INTO Team (Tid, Assigned_proj, Budget,Leader) VALUES('16', NULL, IFNULL(464.83, 0), NULL);
INSERT INTO Faculty_Or_Team (TeamID, is_reg_team) VALUES ('17' ,false);
INSERT INTO Team (Tid, Assigned_proj, Budget,Leader) VALUES('17', NULL, IFNULL(641.64, 0), NULL);
INSERT INTO Faculty_Or_Team (TeamID, is_reg_team) VALUES ('18' ,false);
INSERT INTO Team (Tid, Assigned_proj, Budget,Leader) VALUES('18', NULL, IFNULL(350.25, 0), NULL);
INSERT INTO Faculty_Or_Team (TeamID, is_reg_team) VALUES ('19' ,false);
INSERT INTO Team (Tid, Assigned_proj, Budget,Leader) VALUES('19', NULL, IFNULL(637.21, 0), NULL);
INSERT INTO Faculty_Or_Team (TeamID, is_reg_team) VALUES ('20' ,false);
INSERT INTO Team (Tid, Assigned_proj, Budget,Leader) VALUES('20', NULL, IFNULL(120.47, 0), NULL);
INSERT INTO Faculty_Or_Team (TeamID, is_reg_team) VALUES ('21' ,false);
INSERT INTO Team (Tid, Assigned_proj, Budget,Leader) VALUES('21', NULL, IFNULL(256.2, 0), NULL);
INSERT INTO Faculty_Or_Team (TeamID, is_reg_team) VALUES ('22' ,false);
INSERT INTO Team (Tid, Assigned_proj, Budget,Leader) VALUES('22', NULL, IFNULL(182.49, 0), NULL);
INSERT INTO Faculty_Or_Team (TeamID, is_reg_team) VALUES ('23' ,false);
INSERT INTO Team (Tid, Assigned_proj, Budget,Leader) VALUES('23', NULL, IFNULL(878.14, 0), NULL);
INSERT INTO Faculty_Or_Team (TeamID, is_reg_team) VALUES ('24' ,false);
INSERT INTO Team (Tid, Assigned_proj, Budget,Leader) VALUES('24', NULL, IFNULL(719.78, 0), NULL);
INSERT INTO Faculty_Or_Team (TeamID, is_reg_team) VALUES ('25' ,false);
INSERT INTO Team (Tid, Assigned_proj, Budget,Leader) VALUES('25', NULL, IFNULL(812.54, 0), NULL);
INSERT INTO Faculty_Or_Team (TeamID, is_reg_team) VALUES ('26' ,false);
INSERT INTO Team (Tid, Assigned_proj, Budget,Leader) VALUES('26', NULL, IFNULL(339.29, 0), NULL);
INSERT INTO Faculty_Or_Team (TeamID, is_reg_team) VALUES ('27' ,false);
INSERT INTO Team (Tid, Assigned_proj, Budget,Leader) VALUES('27', NULL, IFNULL(559.77, 0), NULL);
INSERT INTO Faculty_Or_Team (TeamID, is_reg_team) VALUES ('28' ,false);
INSERT INTO Team (Tid, Assigned_proj, Budget,Leader) VALUES('28', NULL, IFNULL(129.52, 0), NULL);
INSERT INTO Faculty_Or_Team (TeamID, is_reg_team) VALUES ('29' ,false);
INSERT INTO Team (Tid, Assigned_proj, Budget,Leader) VALUES('29', NULL, IFNULL(50.7, 0), NULL);
INSERT INTO Faculty_Or_Team (TeamID, is_reg_team) VALUES ('30' ,false);
INSERT INTO Team (Tid, Assigned_proj, Budget,Leader) VALUES('30', NULL, IFNULL(618.98, 0), NULL);
INSERT INTO Faculty_Or_Team (TeamID, is_reg_team) VALUES ('31' ,false);
INSERT INTO Team (Tid, Assigned_proj, Budget,Leader) VALUES('31', NULL, IFNULL(989.11, 0), NULL);
INSERT INTO Faculty_Or_Team (TeamID, is_reg_team) VALUES ('32' ,false);
INSERT INTO Team (Tid, Assigned_proj, Budget,Leader) VALUES('32', NULL, IFNULL(177.08, 0), NULL);
INSERT INTO Faculty_Or_Team (TeamID, is_reg_team) VALUES ('33' ,false);
INSERT INTO Team (Tid, Assigned_proj, Budget,Leader) VALUES('33', NULL, IFNULL(223.42, 0), NULL);
INSERT INTO Faculty_Or_Team (TeamID, is_reg_team) VALUES ('34' ,false);
INSERT INTO Team (Tid, Assigned_proj, Budget,Leader) VALUES('34', NULL, IFNULL(372.98, 0), NULL);
INSERT INTO Faculty_Or_Team (TeamID, is_reg_team) VALUES ('35' ,false);
INSERT INTO Team (Tid, Assigned_proj, Budget,Leader) VALUES('35', NULL, IFNULL(490.79, 0), NULL);
INSERT INTO Faculty_Or_Team (TeamID, is_reg_team) VALUES ('36' ,false);
INSERT INTO Team (Tid, Assigned_proj, Budget,Leader) VALUES('36', NULL, IFNULL(934.06, 0), NULL);
INSERT INTO Faculty_Or_Team (TeamID, is_reg_team) VALUES ('37' ,false);
INSERT INTO Team (Tid, Assigned_proj, Budget,Leader) VALUES('37', NULL, IFNULL(459.21, 0), NULL);
INSERT INTO Faculty_Or_Team (TeamID, is_reg_team) VALUES ('38' ,false);
INSERT INTO Team (Tid, Assigned_proj, Budget,Leader) VALUES('38', NULL, IFNULL(761.53, 0), NULL);
INSERT INTO Faculty_Or_Team (TeamID, is_reg_team) VALUES ('39' ,false);
INSERT INTO Team (Tid, Assigned_proj, Budget,Leader) VALUES('39', NULL, IFNULL(580.47, 0), NULL);
INSERT INTO Faculty_Or_Team (TeamID, is_reg_team) VALUES ('40' ,false);
INSERT INTO Team (Tid, Assigned_proj, Budget,Leader) VALUES('40', NULL, IFNULL(545.09, 0), NULL);
INSERT INTO Faculty_Or_Team (TeamID, is_reg_team) VALUES ('41' ,false);
INSERT INTO Team (Tid, Assigned_proj, Budget,Leader) VALUES('41', NULL, IFNULL(486.15, 0), NULL);
INSERT INTO Faculty_Or_Team (TeamID, is_reg_team) VALUES ('42' ,false);
INSERT INTO Team (Tid, Assigned_proj, Budget,Leader) VALUES('42', NULL, IFNULL(841.57, 0), NULL);
INSERT INTO Faculty_Or_Team (TeamID, is_reg_team) VALUES ('43' ,false);
INSERT INTO Team (Tid, Assigned_proj, Budget,Leader) VALUES('43', NULL, IFNULL(974.04, 0), NULL);
INSERT INTO Faculty_Or_Team (TeamID, is_reg_team) VALUES ('44' ,false);
INSERT INTO Team (Tid, Assigned_proj, Budget,Leader) VALUES('44', NULL, IFNULL(222.93, 0), NULL);
INSERT INTO Faculty_Or_Team (TeamID, is_reg_team) VALUES ('45' ,false);
INSERT INTO Team (Tid, Assigned_proj, Budget,Leader) VALUES('45', NULL, IFNULL(359.76, 0), NULL);
INSERT INTO Faculty_Or_Team (TeamID, is_reg_team) VALUES ('46' ,false);
INSERT INTO Team (Tid, Assigned_proj, Budget,Leader) VALUES('46', NULL, IFNULL(334.1, 0), NULL);
INSERT INTO Faculty_Or_Team (TeamID, is_reg_team) VALUES ('47' ,false);
INSERT INTO Team (Tid, Assigned_proj, Budget,Leader) VALUES('47', NULL, IFNULL(816.45, 0), NULL);
INSERT INTO Faculty_Or_Team (TeamID, is_reg_team) VALUES ('48' ,false);
INSERT INTO Team (Tid, Assigned_proj, Budget,Leader) VALUES('48', NULL, IFNULL(645.43, 0), NULL);
INSERT INTO Faculty_Or_Team (TeamID, is_reg_team) VALUES ('49' ,false);
INSERT INTO Team (Tid, Assigned_proj, Budget,Leader) VALUES('49', NULL, IFNULL(504.87, 0), NULL);
INSERT INTO Faculty_Or_Team (TeamID, is_reg_team) VALUES ('50' ,false);
INSERT INTO Team (Tid, Assigned_proj, Budget,Leader) VALUES('50', NULL, IFNULL(90.1, 0), NULL);
INSERT INTO Company (Cname, Logo,Manager) VALUES('Shufflebeat', 'fileid_FJIefoRSlpgxzkTD', NULL);
INSERT INTO Company (Cname, Logo,Manager) VALUES('Blogtags', 'fileid_JvBRFgmLczGpYNTt', NULL);
INSERT INTO Company (Cname, Logo,Manager) VALUES('Vinte', 'fileid_BmVfFaviLQbkRtUd', NULL);
INSERT INTO Company (Cname, Logo,Manager) VALUES('Eimbee', 'fileid_EthwBHXlTCSGyfVK', NULL);
INSERT INTO Company (Cname, Logo,Manager) VALUES('Tagcat', 'fileid_tTwIuiADojGEgbLH', NULL);
INSERT INTO Company (Cname, Logo,Manager) VALUES('Kwinu', 'fileid_wdypTrIJtNXVOWfM', NULL);
INSERT INTO Company (Cname, Logo,Manager) VALUES('Quatz', 'fileid_qNmnhejyXOcMYSZo', NULL);
INSERT INTO Company (Cname, Logo,Manager) VALUES('Fiveclub', 'fileid_hkuOQbGIqsLgziMv', NULL);
INSERT INTO Company (Cname, Logo,Manager) VALUES('Realbridge', 'fileid_UsxLKquwlhPyFIOZ', NULL);
INSERT INTO Company (Cname, Logo,Manager) VALUES('Zoonder', 'fileid_nvlrWBufwFNkysXc', NULL);
INSERT INTO Company (Cname, Logo,Manager) VALUES('Zoombeat', 'fileid_nvhLxQqEkjFTayoG', NULL);
INSERT INTO Company (Cname, Logo,Manager) VALUES('Thoughtmix', 'fileid_hPWnyJvwBqQNGXpi', NULL);
INSERT INTO Company (Cname, Logo,Manager) VALUES('Eire', 'fileid_voMbeHmyNhBIpFVu', NULL);
INSERT INTO Company (Cname, Logo,Manager) VALUES('Skinte', 'fileid_HUscpmPBAwCDNTXe', NULL);
INSERT INTO Company (Cname, Logo,Manager) VALUES('Wikizz', 'fileid_mWsfUzwXRYykPTtl', NULL);
INSERT INTO Company (Cname, Logo,Manager) VALUES('Jayo', 'fileid_nifgXCdSrAaevOPZ', NULL);
INSERT INTO Company (Cname, Logo,Manager) VALUES('Trudeo', 'fileid_mtydlwSaFDbMOqjX', NULL);
INSERT INTO Company (Cname, Logo,Manager) VALUES('Oyope', 'fileid_bvSwKurHGXkCJBca', NULL);
INSERT INTO Users (UserID, Fname, Lname, Email, Address, is_utd, is_employee) VALUES (0, 'Andreana', 'Dowley', 'adowley0@myspace.com', '3786 Corben Center', true, true);
INSERT INTO UTD_Personnel (Uid, UType, NetID, isAdmin) VALUES (0, 1, 'snb668537', false);
INSERT INTO Student (Suid, Major, Stu_Resume, Member_of) VALUES (0, 'Computer Science', 'fileid_XEVmBskKHcwDyPpF', '39');
INSERT INTO Employee (Euid, Works_at, Password) VALUES(0, 'Shufflebeat', '$2b$12$K4HNCMcQMv.3kpwgYqz2G.fbMXGQvnDcQXwwJE98Qc1hE.GvEjzpS');
INSERT INTO Users (UserID, Fname, Lname, Email, Address, is_utd, is_employee) VALUES (1, 'Tabby', 'Brownjohn', 'tbrownjohn7@cdbaby.com', '4188 South Crossing', true, true);
INSERT INTO UTD_Personnel (Uid, UType, NetID, isAdmin) VALUES (1, 3, 'gsu488436', true);
INSERT INTO Faculty_Or_Team (TeamID, is_reg_team) VALUES (104 ,false);
INSERT INTO Faculty (Fuid, Tid) VALUES (1, 104);
INSERT INTO Employee (Euid, Works_at, Password) VALUES(1, 'Blogtags', '$2b$12$2vUaDU7ldToVz73Sv3Kp1.dYwn7Z59VjWGXmYxXOXS6GhztFbJdsy');
INSERT INTO Users (UserID, Fname, Lname, Email, Address, is_utd, is_employee) VALUES (2, 'Halli', 'Stennes', 'hstennesa@cmu.edu', '96636 Gerald Crossing', true, false);
INSERT INTO UTD_Personnel (Uid, UType, NetID, isAdmin) VALUES (2, 2, 'ehz859668', false);
INSERT INTO Users (UserID, Fname, Lname, Email, Address, is_utd, is_employee) VALUES (3, 'Muire', 'Cattermoul', 'mcattermoul1@photobucket.com', '3159 Acker Plaza', true, false);
INSERT INTO UTD_Personnel (Uid, UType, NetID, isAdmin) VALUES (3, 1, 'dth399801', true);
INSERT INTO Student (Suid, Major, Stu_Resume, Member_of) VALUES (3, 'Computer Engineering', 'fileid_CeKWzRVlcQAMuLjI', '39');
INSERT INTO Users (UserID, Fname, Lname, Email, Address, is_utd, is_employee) VALUES (4, 'Shaina', 'Hayto', 'shayto2@cnet.com', '76097 Haas Terrace', true, true);
INSERT INTO UTD_Personnel (Uid, UType, NetID, isAdmin) VALUES (4, 1, 'xhn359176', false);
INSERT INTO Student (Suid, Major, Stu_Resume, Member_of) VALUES (4, 'Mechanical Engineering', 'fileid_gJTUpAOKzoeWylhR', '22');
INSERT INTO Employee (Euid, Works_at, Password) VALUES(4, 'Vinte', '$2b$12$iNd3HY3y1m3wn1MlQLg.2.w0I5IE6dU/WeIUddIw7q3rm51/erGaW');
INSERT INTO Users (UserID, Fname, Lname, Email, Address, is_utd, is_employee) VALUES (5, 'Fabian', 'Challens', 'fchallens3@dion.ne.jp', '4812 Anthes Hill', true, true);
INSERT INTO UTD_Personnel (Uid, UType, NetID, isAdmin) VALUES (5, 1, 'bmo017429', false);
INSERT INTO Student (Suid, Major, Stu_Resume, Member_of) VALUES (5, 'Mechanical Engineering', 'fileid_YZMnlfUWzAqTjcJa', '19');
INSERT INTO Employee (Euid, Works_at, Password) VALUES(5, 'Eimbee', '$2b$12$3d936YeqdWr.bMLgFXD.r.L4YsELlZZPlCWG5x0WRWaiUMu6Apu7W');
INSERT INTO Users (UserID, Fname, Lname, Email, Address, is_utd, is_employee) VALUES (6, 'Vivianne', 'Weine', 'vweine4@ox.ac.uk', '8689 Leroy Terrace', false, true);
INSERT INTO Employee (Euid, Works_at, Password) VALUES(6, 'Tagcat', '$2b$12$/K11p6pKGOV7xCuNxISsZebpxPJ.cNoKNOf7GZrgkIEudO8UWB0mW');
INSERT INTO Users (UserID, Fname, Lname, Email, Address, is_utd, is_employee) VALUES (7, 'Krystal', 'Furlow', 'kfurlow5@china.com.cn', '30 Nelson Trail', true, true);
INSERT INTO UTD_Personnel (Uid, UType, NetID, isAdmin) VALUES (7, 1, 'ybm642275', true);
INSERT INTO Student (Suid, Major, Stu_Resume, Member_of) VALUES (7, 'Computer Engineering', 'fileid_KuijCsJOhnzYoIdF', '2');
INSERT INTO Employee (Euid, Works_at, Password) VALUES(7, 'Kwinu', '$2b$12$ZBWMBuwdT1Y90AKzPGesp.5BZ86tx8G3Wdm0lnA9Ph8Dm.T1SE/PC');
INSERT INTO Users (UserID, Fname, Lname, Email, Address, is_utd, is_employee) VALUES (8, 'Douglass', 'Byrne', 'dbyrne6@jigsy.com', '40806 Elka Court', true, true);
INSERT INTO UTD_Personnel (Uid, UType, NetID, isAdmin) VALUES (8, 3, 'afg636626', true);
INSERT INTO Faculty_Or_Team (TeamID, is_reg_team) VALUES (101 ,false);
INSERT INTO Faculty (Fuid, Tid) VALUES (8, 101);
INSERT INTO Employee (Euid, Works_at, Password) VALUES(8, 'Quatz', '$2b$12$6V9ALWZGKF4wcOKrI5CwEemlrtWZP6SKF3.YmxyBqOHayKJ0J5i.C');
INSERT INTO Users (UserID, Fname, Lname, Email, Address, is_utd, is_employee) VALUES (9, 'Darline', 'Eric', 'deric8@un.org', '4 Beilfuss Point', true, true);
INSERT INTO UTD_Personnel (Uid, UType, NetID, isAdmin) VALUES (9, 1, 'odi590205', false);
INSERT INTO Student (Suid, Major, Stu_Resume, Member_of) VALUES (9, 'Computer Science', 'fileid_PhuHasNxtbkveqLf', '15');
INSERT INTO Employee (Euid, Works_at, Password) VALUES(9, 'Fiveclub', '$2b$12$bl2muCTSggfzcoKcSvkY0uxqjXx/2Wgp4Le8ShXlyUVBFgKYjAq0q');
INSERT INTO Users (UserID, Fname, Lname, Email, Address, is_utd, is_employee) VALUES (10, 'Gare', 'Byrd', 'gbyrd9@twitter.com', '7368 Atwood Parkway', false, true);
INSERT INTO Employee (Euid, Works_at, Password) VALUES(10, 'Realbridge', '$2b$12$TXbUXo/5sr0vqai2G0aIz.CKx3fHDhiqexmK/JU6qLOx4/TAIL1au');
INSERT INTO Users (UserID, Fname, Lname, Email, Address, is_utd, is_employee) VALUES (11, 'Cassaundra', 'Jonathon', 'cjonathonb@ca.gov', '4093 Esker Park', false, true);
INSERT INTO Employee (Euid, Works_at, Password) VALUES(11, 'Zoonder', '$2b$12$Knb7RVPF7R9//dXuN71Up.oRTOrI3mNXqxumHBpoGke0F0mOfLv/G');
INSERT INTO Users (UserID, Fname, Lname, Email, Address, is_utd, is_employee) VALUES (12, 'Ringo', 'Hause', 'rhausec@nhs.uk', '932 Ridgeview Avenue', false, true);
INSERT INTO Employee (Euid, Works_at, Password) VALUES(12, 'Zoombeat', '$2b$12$ZzupG2nKtCuOOFDBzxf2KOBlt48Uh9Dvt22YClB7KjQ6/XuLNp1DW');
INSERT INTO Users (UserID, Fname, Lname, Email, Address, is_utd, is_employee) VALUES (13, 'Poppy', 'Van Arsdall', 'pvanarsdalld@smh.com.au', '76184 Huxley Pass', true, true);
INSERT INTO UTD_Personnel (Uid, UType, NetID, isAdmin) VALUES (13, 3, 'xzw494433', true);
INSERT INTO Faculty_Or_Team (TeamID, is_reg_team) VALUES (102 ,false);
INSERT INTO Faculty (Fuid, Tid) VALUES (13, 102);
INSERT INTO Employee (Euid, Works_at, Password) VALUES(13, 'Thoughtmix', '$2b$12$we44aNx2Lwh7svdLtc602eH9DWO.ww2ccjnaZ6uDzhe2yJlQ6H/b2');
INSERT INTO Users (UserID, Fname, Lname, Email, Address, is_utd, is_employee) VALUES (14, 'Augie', 'Tivenan', 'ativenane@livejournal.com', '16979 Sunbrook Road', false, true);
INSERT INTO Employee (Euid, Works_at, Password) VALUES(14, 'Eire', '$2b$12$iwMWlAd8A2NkSmIfG5VJNeo5sU92JWwJ6.etnP2noplUFVwBsGOey');
INSERT INTO Users (UserID, Fname, Lname, Email, Address, is_utd, is_employee) VALUES (15, 'Alan', 'Blain', 'ablainf@twitter.com', '7 Prairieview Avenue', true, true);
INSERT INTO UTD_Personnel (Uid, UType, NetID, isAdmin) VALUES (15, 1, 'wdj141610', true);
INSERT INTO Student (Suid, Major, Stu_Resume, Member_of) VALUES (15, 'Computer Science', 'fileid_npUTRIuzPQikAWsb', '31');
INSERT INTO Employee (Euid, Works_at, Password) VALUES(15, 'Skinte', '$2b$12$ju2G4Ps4FHSSnw3dQgAiWOBFbiNo7iDu5Bx1nMP3gMPYn0SNpEu62');
INSERT INTO Users (UserID, Fname, Lname, Email, Address, is_utd, is_employee) VALUES (16, 'Brewster', 'Gotliffe', 'bgotliffeg@bbc.co.uk', '968 Luster Lane', true, true);
INSERT INTO UTD_Personnel (Uid, UType, NetID, isAdmin) VALUES (16, 1, 'chw292462', false);
INSERT INTO Student (Suid, Major, Stu_Resume, Member_of) VALUES (16, 'Mechanical Engineering', 'fileid_CiPIjFupKnrdTvYq', '17');
INSERT INTO Employee (Euid, Works_at, Password) VALUES(16, 'Wikizz', '$2b$12$gl8sSEmEqwoFATjXqNvVO.6qSYprTNICRDyMBor4qTat1hCa6wYxa');
INSERT INTO Users (UserID, Fname, Lname, Email, Address, is_utd, is_employee) VALUES (17, 'Tiff', 'Lezemere', 'tlezemereh@ftc.gov', '46 Morrow Pass', true, true);
INSERT INTO UTD_Personnel (Uid, UType, NetID, isAdmin) VALUES (17, 3, 'kir455831', false);
INSERT INTO Faculty_Or_Team (TeamID, is_reg_team) VALUES (103 ,false);
INSERT INTO Faculty (Fuid, Tid) VALUES (17, 103);
INSERT INTO Employee (Euid, Works_at, Password) VALUES(17, 'Jayo', '$2b$12$6Pzgc2cYzP1ca4YSwwl.UegRqvCgloVTxeFtC41Drna8IOjLzJGfm');
INSERT INTO Users (UserID, Fname, Lname, Email, Address, is_utd, is_employee) VALUES (18, 'Lauritz', 'Donne', 'ldonnei@seesaa.net', '998 Lyons Court', false, true);
INSERT INTO Employee (Euid, Works_at, Password) VALUES(18, 'Trudeo', '$2b$12$CZ7jsJDoGCQ7CpfLxdt87eeq66OxiB9N2XALEWCkE3jwWFbKOEb3i');
INSERT INTO Users (UserID, Fname, Lname, Email, Address, is_utd, is_employee) VALUES (19, 'Drusie', 'Hebbes', 'dhebbesj@pbs.org', '416 Prairie Rose Court', false, true);
INSERT INTO Employee (Euid, Works_at, Password) VALUES(19, 'Oyope', '$2b$12$.1dP7ea2Nwds1elSO3U.4ugcBt2vhn6Jgrk1YxKbucWA16LK66m/m');
